,step,reward,total_reward,score
0,0,-0.47701803568917367,-0.47701803568917367,0.02252902966789083
0,1,-1.2696690530511554,-1.746687088740329,0.022426762188875203
0,2,-0.6870637460075866,-2.4337508347479155,0.022371421565223416
0,3,0.44004420278146905,-1.9937066319664465,0.022406865613549043
0,4,0.8621478031343692,-1.1315588288320773,0.02247630865632742
0,5,0.6943275917852005,-0.4372312370468767,0.022532234357794445
0,6,0.545078099728177,0.10784686268130028,0.022576138525570978
0,7,0.43325147830054217,0.5410983409818424,0.02261103544328281
0,8,0.5574933130975133,1.0985916540793557,0.022655939613831465
0,9,0.9448096331215188,2.0434012872008744,0.02273204078294858
0,10,0.8032428049958054,2.84664409219668,0.022796739230553455
0,11,0.8016536500369563,3.6482977422336362,0.02286130967718751
0,12,1.5911514191775953,5.2394491614112315,0.022989471456023015
0,13,1.2640212128201367,6.503470374231368,0.02309128402091679
0,14,1.0111552484484483,7.514625622679816,0.023172729101352308
0,15,1.6009579228780304,9.115583545557847,0.02330168076036091
0,16,1.8247145743031998,10.940298119861048,0.023448655248703848
0,17,2.7187050740046326,13.65900319386568,0.023667637599606463
0,18,2.603273772492527,16.262276966358208,0.02387732235585104
0,19,2.086217205738882,18.34849417209709,0.0240453599825044
0,20,2.2772821843822015,20.625776356479292,0.02422878723659419
0,21,2.712092873707402,23.337869230186694,0.024447236997485643
0,22,2.4892481054039814,25.827117335590675,0.024647737378094534
0,23,2.9666808962388695,28.793798231829545,0.02488669332931117
0,24,3.1116692946814593,31.905467526511003,0.025137327597770872
0,25,2.5596488926150287,34.46511641912603,0.025343498519857864
0,26,2.9564877276458503,37.421604146771884,0.025581633446373073
0,27,3.248088686981056,40.66969283375294,0.025843255828078348
0,28,3.08141695851696,43.7511097922699,0.026091453374821917
0,29,3.829696447015485,47.58080623928539,0.0263999222629075
0,30,3.750774482687098,51.331580721972486,0.026702034257981143
0,31,3.525862353013141,54.857443074985625,0.026986030353918295
0,32,3.3399696385582662,58.19741271354389,0.027255053430524954
0,33,3.51935838605036,61.716771099594254,0.02753852565427409
0,34,3.6467981810732075,65.36356928066746,0.027832262715566464
0,35,4.325620988612635,69.6891902692801,0.028180676621236946
0,36,4.563167357878786,74.25235762715889,0.02854822407062559
0,37,3.9499077416462813,78.20226536880517,0.028866375565388527
0,38,4.517425760068528,82.7196911288737,0.0292302386862642
0,39,5.0410826473009225,87.76077377617463,0.029636280569863695
0,40,4.870601080310831,92.63137485648546,0.030028590749100696
0,41,4.562337030412304,97.19371188689777,0.030396071318465327
0,42,4.853084947349384,102.04679683424716,0.030786970633386337
0,43,4.86733166850007,106.91412850274723,0.031179017472737287
0,44,4.693129143247857,111.60725764599509,0.03155703289732477
0,45,4.709480137219441,116.31673778321453,0.0319363653382866
0,46,4.743972965682869,121.0607107488974,0.03231847605804683
0,47,5.47147081709626,126.53218156599367,0.0327591842296978
0,48,5.468798931493293,132.00098049748695,0.03319967719014536
0,49,4.574750934643498,136.57573143213045,0.03356815765683554
0,50,5.458125366451007,142.03385679858147,0.03400779089829858
0,51,6.161333289979013,148.19519008856048,0.03450406512143333
0,52,6.058279495351264,154.25346958391174,0.03499203871555436
0,53,5.5497248087162685,159.803194392628,0.03543904997731111
0,54,5.0901982792823794,164.8933926719104,0.03584904795628123
0,55,4.275402934336089,169.16879560624648,0.036193416970253675
0,56,5.1383110999309585,174.30710670617742,0.03660729027158771
0,57,4.224428827791853,178.53153553396928,0.03694755349645013
0,58,4.50442920635032,183.0359647403196,0.03731036978958636
0,59,5.230439760073771,188.26640450039338,0.037731663737895486
0,60,4.116179396346921,192.3825838967403,0.03806320784305333
0,61,4.612101483836254,196.99468538057656,0.03843469676812612
0,62,5.364934095989264,202.35961947656583,0.03886682377300452
0,63,4.98758259048236,207.3472020670482,0.039268556410879805
0,64,5.110250130965968,212.45745219801415,0.03968016949759501
0,65,5.328426897018361,217.78587909503253,0.040109355973053006
0,66,5.244287902439828,223.03016699747235,0.040531765341640685
0,67,5.5748503856276415,228.6050173831,0.040980800382273794
0,68,5.9996814597692705,234.60469884286928,0.04146405410600039
0,69,5.504427091213778,240.10912593408307,0.04190741679227755
0,70,5.539624652088601,245.64875058617167,0.04235361452112704
0,71,5.312888280286031,250.9616388664577,0.04278154941440559
0,72,4.626276990658885,255.58791585711657,0.04315418012783892
0,73,5.096280496616443,260.684196353733,0.0435646680085138
0,74,4.859012605044792,265.54320895877777,0.04395604477589182
0,75,4.831737010466615,270.3749459692444,0.04434522458785893
0,76,5.236784580681095,275.6117305499255,0.04476702958966406
0,77,4.66534777223461,280.2770783221601,0.04514280732028688
0,78,4.356240496775592,284.63331881893566,0.04549368752211619
0,79,5.127107282596079,289.7604261015317,0.04590665839446573
0,80,5.447839826004261,295.208265927536,0.04634546317099195
0,81,5.486309991926647,300.69457591946264,0.04678736658718081
0,82,5.503926050838331,306.198501970301,0.04723068891637755
0,83,5.605262464292875,311.80376443459386,0.047682173545436274
0,84,4.684944550005084,316.48870898459893,0.04805952972916434
0,85,4.648466688684752,321.1371756732837,0.04843394774651893
0,86,4.988883976589254,326.12605964987296,0.04883578520657292
0,87,4.633475564438628,330.7595352143116,0.04920899574038637
0,88,4.82055945920749,335.5800946735191,0.04959727523901113
0,89,5.922237730058604,341.5023324035777,0.05007429113644429
0,90,4.799963119710355,346.3022955232881,0.05046091167070172
0,91,5.070207086788295,351.37250261007637,0.05086929942781601
0,92,5.704215048876247,357.0767176589526,0.051328754347513154
0,93,5.939544433483735,363.0162620924363,0.05180716424043286
0,94,6.002623436449759,369.0188855288861,0.052290654930270984
0,95,6.121737224341487,375.14062275322755,0.0527837398263902
0,96,6.4485687923646635,381.5891915455922,0.05330314988215958
0,97,6.064827467026179,387.6540190126184,0.05379165089289699
0,98,6.378525241688043,394.03254425430646,0.05430541918136348
0,99,6.351061476100326,400.38360573040677,0.0548169753578909
0,100,6.327058726131737,406.7106644565385,0.0553265981953936
0,101,6.17477841992372,412.8854428764622,0.05582395537754132
0,102,5.3357526454549955,418.2211955219172,0.056253731916861005
0,103,5.538190660375767,423.759386182293,0.056699814142605935
0,104,5.862643784830816,429.6220299671238,0.05717202995254512
0,105,5.769768757471316,435.3917987245951,0.05763676499819479
0,106,6.120087473670396,441.51188619826553,0.058129717012566806
0,107,6.010926955152371,447.5228131534179,0.058613876522301454
0,108,5.866800705505361,453.38961385892327,0.059086427157915754
0,109,5.834982821667162,459.2245966805904,0.05955641497232879
0,110,6.801892292057964,466.0264889726484,0.06010428402180506
0,111,6.382521155737004,472.4090101283854,0.060618374167416264
0,112,5.72341283395088,478.13242296233625,0.061079375402728134
0,113,5.892197496375636,484.02462045871187,0.06155397166257116
0,114,6.053835060996588,490.0784555197084,0.062041587272778184
0,115,6.066563061677449,496.1450185813859,0.06253022807970039
0,116,6.092818674452689,502.2378372558386,0.06302098368600442
0,117,6.010120384000749,508.24795763983934,0.06350507822920459
0,118,6.662205133753638,514.910162773593,0.06404169595811326
0,119,6.2687370193176495,521.1788997929107,0.06454662118255418
0,120,6.139443080135078,527.3183428730457,0.06504113222451154
0,121,6.498432510365253,533.8167753834109,0.06556455863140959
0,122,7.387963973075414,541.2047393564864,0.06615963374076113
0,123,6.995550789896702,548.200290146383,0.06672310131673242
0,124,5.998528414208351,554.1988185605913,0.06720626216660151
0,125,6.402987663585305,560.6018062241767,0.06772200081908691
0,126,6.604410882645108,567.2062171068218,0.06825396341967828
0,127,6.240372334208124,573.4465894410299,0.06875660396620864
0,128,6.465221280759382,579.9118107217893,0.06927735532269208
0,129,6.363250463998959,586.2750611857882,0.06978989328030737
0,130,6.770464360797265,593.0455255465855,0.07033523091792243
0,131,6.788235350595841,599.8337608971814,0.07088199994769591
0,132,6.099702132333917,605.9334630295153,0.07137330999287733
0,133,7.018261506523011,612.9517245360383,0.07193860683902768
0,134,7.491942767859318,620.4436673038977,0.07254205708297676
0,135,7.106788801675691,627.5504561055734,0.07311448449852831
0,136,6.894554219900508,634.445010325474,0.07366981714786032
0,137,6.985851654498119,641.4308619799721,0.07423250349180625
0,138,5.959989812301025,647.3908517922731,0.07471256018972931
0,139,5.832136423048211,653.2229882153213,0.07518231873651521
0,140,6.050941467071127,659.2739296823923,0.07566970127767536
0,141,6.766397257569646,666.040326939962,0.076214711324102
0,142,6.368363451222737,672.4086903911848,0.07672766111526744
0,143,5.715830356547574,678.1245207477324,0.07718805160808159
0,144,6.123841752622651,684.248362500355,0.07768130601672166
0,145,6.803827225865379,691.0521897262204,0.07822933091846673
0,146,6.611942220447594,697.664131946668,0.07876190014243671
0,147,6.149544561967763,703.8136765086358,0.07925722482404203
0,148,6.210457122424029,710.0241336310598,0.07975745580306656
0,149,6.51917617391223,716.5433098049721,0.0802825530407779
0,150,6.226290394983971,722.769600199956,0.08078405933549623
0,151,5.83593790506442,728.6055381050204,0.08125412407859477
0,152,6.203496660197949,734.8090347652184,0.08175379441630658
0,153,5.993266525957823,740.8023012911761,0.08223653143915952
0,154,6.367029889056838,747.169331180233,0.08274937381647525
0,155,6.456941368583415,753.6262725488165,0.08326945825448678
0,156,5.73775802540686,759.3640305742233,0.0837316149456733
0,157,6.602588646106019,765.9666192203293,0.08426343077137353
0,158,6.812265905038962,772.7788851253683,0.08481213537972658
0,159,6.472406752236518,779.2512918776049,0.0853334655012447
0,160,6.5059624069789095,785.7572542845838,0.08585749841543856
0,161,5.961799977659842,791.7190542622437,0.08633770091596066
0,162,5.877373495221203,797.5964277574649,0.08681110315345326
0,163,5.405564103229001,803.0019918606939,0.08724650276579013
0,164,5.304781891981551,808.3067737526754,0.08767378471734828
0,165,6.01111472205431,814.3178884747298,0.08815795935106162
0,166,5.679817788445589,819.9977062631754,0.08861544915527204
0,167,5.204955208125818,825.2026614713012,0.08903469041049925
0,168,5.621584171426969,830.8242456427282,0.0894874896969782
0,169,6.150309628909412,836.9745552716377,0.08998287600209653
0,170,6.171361009742742,843.1459162813804,0.09047995792359807
0,171,4.921402644610226,848.0673189259907,0.0908763599942602
0,172,4.710813812804581,852.7781327387952,0.09125579985820727
0,173,4.9467323278116195,857.7248650666069,0.09165424214780601
0,174,4.580993930426791,862.3058589970336,0.09202322546635253
0,175,4.453372738436071,866.7592317354697,0.09238192933645342
0,176,5.492781138043568,872.2520128735133,0.09282435398122395
0,177,5.474546149188633,877.726559022702,0.09326530986030661
0,178,4.899611857665249,882.6261708803672,0.09365995675796421
0,179,5.000675604731424,887.6268464850987,0.09406274399314321
0,180,4.2464167125756,891.8732631976743,0.09440477826656375
0,181,4.703447218775787,896.57671041645,0.09478362477667703
0,182,4.063601560347738,900.6403119767978,0.09511093391782846
0,183,3.931414323372116,904.5717263001699,0.09542759583130189
0,184,4.24084892045384,908.8125752206237,0.09576918163820072
0,185,4.087582674419175,912.9001578950429,0.0960984223756797
0,186,3.5080385020126834,916.4081963970556,0.09638098282167029
0,187,4.481992395749316,920.8901887928049,0.09674199190681652
0,188,4.798951186101905,925.6891399789068,0.09712853093329929
0,189,4.175836341666954,929.8649763205738,0.09746488020039203
0,190,4.383118951888448,934.2480952724623,0.0978179253694131
0,191,4.580577664585758,938.828672937048,0.09818687515917661
0,192,4.962450968520895,943.791123905569,0.09858658353126752
0,193,4.8308681332316015,948.6219920388005,0.09897569335815923
0,194,4.634094804802064,953.2560868436026,0.09934895376965595
0,195,4.665307748084349,957.921394591687,0.09972472827647101
0,196,5.454306708283234,963.3757012999702,0.10016405393814141
0,197,5.128027777694052,968.5037290776642,0.10057709895320782
0,198,4.601502451196411,973.1052315288606,0.10094773416262497
0,199,5.299431395159278,978.4046629240199,0.10137458515005102
0,200,5.833650107186566,984.2383130312065,0.10184446561889252
0,201,4.998789058901622,989.2371020901081,0.10224710089928803
0,202,4.39874763219339,993.6358497223015,0.1026014049047998
0,203,5.3420879624175654,998.9779376847191,0.10303169173212957
0,204,4.92141938882806,1003.8993570735472,0.1034280951514809
0,205,5.25189695100668,1009.1512540245539,0.10385111740278222
0,206,5.81625040389832,1014.9675044284521,0.10431959638531776
0,207,5.331325944092015,1020.2988303725441,0.104749016369055
0,208,4.681753999063125,1024.9805843716072,0.10512611556486899
0,209,5.374303775352605,1030.3548881469599,0.10555899726522128
0,210,5.191530744404312,1035.5464188913643,0.10597715722602878
0,211,5.212603698666939,1040.7590225900312,0.10639701454088507
0,212,5.686766302139294,1046.4457888921706,0.10685506402399504
0,213,4.997576562024758,1051.4433654541954,0.10725760164193385
0,214,4.818839225383666,1056.262204679579,0.10764574258163567
0,215,5.399201759109715,1061.6614064386888,0.10808062972901786
0,216,4.739828021716617,1066.4012344604055,0.10846240658778568
0,217,5.454252055117545,1071.8554865155231,0.10890172784733142
0,218,6.1289541724459,1077.984440687969,0.10939539404381945
0,219,5.709360462108819,1083.693801150078,0.10985526340887032
0,220,5.533624587956736,1089.2274257380345,0.11030097785317317
0,221,5.5372535557459415,1094.7646792937805,0.11074698459836049
0,222,4.608320059368337,1099.3729993531488,0.11111816894268724
0,223,4.827867302041435,1104.20086665519,0.11150703706293891
0,224,5.224862004989016,1109.4257286601792,0.11192788174224388
0,225,4.2001447782260835,1113.6258734384053,0.11226618897036571
0,226,4.0255970656834235,1117.6514705040886,0.11259043698007408
0,227,4.69892261918054,1122.3503931232692,0.1129689190492387
0,228,4.057875260873971,1126.4082683841432,0.1132957669566459
0,229,4.51739001231665,1130.9256583964598,0.11365962719816301
0,230,4.834713179347948,1135.7603715758078,0.11404904673030594
0,231,4.299275975615066,1140.0596475514228,0.11439533863571387
0,232,4.722058061052389,1144.7817056124752,0.11477568418521651
0,233,4.928881165409461,1149.7105867778846,0.11517268862502916
0,234,4.496844785557328,1154.207431563442,0.1155348940191343
0,235,4.744498163278056,1158.95192972672,0.11591704704175598
0,236,5.358598377598863,1164.3105281043188,0.11634866372629069
0,237,4.957691831945734,1169.2682199362646,0.1167479887662852
0,238,4.722125553312433,1173.990345489577,0.11712833975205747
0,239,4.818533775084134,1178.8088792646613,0.11751645608878734
0,240,5.038261844083149,1183.8471411087444,0.11792227076638132
0,241,5.610434221731294,1189.4575753304757,0.118374171962729
0,242,5.723221786599706,1195.1807971170754,0.11883515780983324
0,243,5.675509077081328,1200.8563061941568,0.11929230056215016
0,244,5.365558648652725,1206.2218648428095,0.11972447787259932
0,245,5.495560066461186,1211.7174249092707,0.12016712635050412
0,246,5.596935821180018,1217.3143607304507,0.12061794029707455
0,247,5.729078211023381,1223.043438941474,0.1210793978590406
0,248,5.849588836687397,1228.8930277781615,0.12155056213777006
0,249,5.568883424914773,1234.4619112030762,0.12199911656022314
0,250,6.430738729772955,1240.892649932849,0.12251709046572364
0,251,6.1527726851640425,1247.0454226180132,0.123012675161559
0,252,5.575769156679733,1252.621191774693,0.123461784206043
0,253,6.580200176036483,1259.2013919507294,0.12399179671741696
0,254,6.982562182602101,1266.1839541333316,0.12455421810570591
0,255,6.650791414979807,1272.8347455483113,0.1250899164987905
0,256,6.3673946652806945,1279.202140213592,0.12560278825757754
0,257,6.736030323578237,1285.9381705371702,0.1261453523518269
0,258,5.831362374828041,1291.7695329119983,0.12661504855168867
0,259,5.599807318235694,1297.369340230234,0.12706609378747905
0,260,5.928430597788479,1303.2977708280225,0.1275436084991261
0,261,5.648656561224495,1308.946427389247,0.1279985883735692
0,262,5.77279730083897,1314.7192246900859,0.1284635673579796
0,263,6.33301783797284,1321.0522425280587,0.12897367018146264
0,264,5.506426968852945,1326.5586694969118,0.12941719395101106
0,265,6.246923121565541,1332.8055926184772,0.12992036214095135
0,266,6.592829371623162,1339.3984219901004,0.13045139189062968
0,267,6.47486271996402,1345.8732847100644,0.13097291983190829
0,268,6.291768726182304,1352.1650534362466,0.1314797001811889
0,269,6.099770552106782,1358.2648239883533,0.1319710157373479
0,270,5.081944314843629,1363.346768303197,0.13238034888784714
0,271,5.167166806202895,1368.5139351093999,0.132796546417159
0,272,5.434589087108332,1373.9485241965083,0.1332342838922032
0,273,5.736163910699525,1379.6846881072079,0.1336963121829282
0,274,5.70173644240924,1385.386424549617,0.13415556745939214
0,275,6.0397402447363655,1391.4261647943533,0.1346420477805861
0,276,5.511014176230631,1396.937178970584,0.13508594103392493
0,277,6.002773534257038,1402.9399525048411,0.13556944381362565
0,278,6.147404612776294,1409.0873571176173,0.13606459612967747
0,279,6.0989332622495365,1415.186290379867,0.13655584424501585
0,280,5.717086601271064,1420.903376981138,0.1370163359240254
0,281,5.035873279489301,1425.9392502606274,0.13742195821094963
0,282,5.794612214515638,1431.733862475143,0.13788869431168987
0,283,5.410795021767164,1437.1446574969102,0.13832451525653897
0,284,5.4193628991086715,1442.5640203960188,0.1387610263144645
0,285,5.802437328845285,1448.3664577248642,0.13922839270127307
0,286,5.737661852319154,1454.1041195771834,0.13969054164604786
0,287,5.324755175034277,1459.4288747522176,0.14011943237691785
0,288,5.778201910175931,1465.2070766623935,0.14058484668403742
0,289,5.437696060027817,1470.6447727224213,0.14102283441507324
0,290,5.416031329841979,1476.0608040522632,0.1414590771265432
0,291,6.385030659823543,1482.4458347120867,0.14197336940408473
0,292,6.81366922054319,1489.25950393263,0.14252218704467914
0,293,6.680163109923744,1495.9396670425538,0.14306025122685587
0,294,6.437062528613341,1502.376729571167,0.1435787344926213
0,295,5.552251345643812,1507.9289809168108,0.14402594925824513
0,296,4.485564302256918,1512.4145452190678,0.14438724604818573
0,297,5.250526661077858,1517.6650718801457,0.14481015792734225
0,298,4.524072335791036,1522.1891442159367,0.14517455640705146
0,299,4.827561323605011,1527.0167055395418,0.1455633998817916
0,300,5.532756136494532,1532.5494616760363,0.14600904437531356
0,301,4.523304161066715,1537.0727658371031,0.14637338098118857
0,302,5.006226619730012,1542.0789924568332,0.1467766153315497
0,303,5.543098806425931,1547.622091263259,0.14722309289159216
0,304,5.261440026132,1552.8835312893912,0.14764688380480012
0,305,5.418826627675173,1558.3023579170663,0.14808335166790457
0,306,5.592103561552609,1563.894461478619,0.148533776392568
0,307,5.403775183953016,1569.298236662572,0.14896903191360483
0,308,5.56101028849768,1574.8592469510697,0.14941695218197548
0,309,6.595533705254705,1581.4547806563244,0.1499481997564344
0,310,6.024482311844607,1587.479262968169,0.15043345110356773
0,311,5.283664385610408,1592.7629273537793,0.15085903211255783
0,312,5.433619765807009,1598.1965471195863,0.15129669151210232
0,313,5.526739632531192,1603.7232867521175,0.1517418513969057
0,314,5.708101318139913,1609.4313880702573,0.1522016193422369
0,315,5.500536477894758,1614.931924548152,0.15264466865298126
0,316,5.327635234859492,1620.2595597830116,0.1530737913627729
0,317,6.253906544996307,1626.5134663280078,0.15357752204347205
0,318,5.711483295812883,1632.2249496238207,0.15403756239548266
0,319,5.242656959328781,1637.4676065831495,0.15445984039720748
0,320,6.477920559569953,1643.9455271427196,0.15498161463695814
0,321,6.952785465854047,1650.8983126085736,0.15554163761304052
0,322,7.142123594730359,1658.040436203304,0.15611691112474485
0,323,5.541634267891675,1663.5820704711955,0.15656327072124124
0,324,5.449145483571283,1669.0312159547668,0.1570021806639976
0,325,4.235342334283292,1673.2665582890502,0.15734332293430373
0,326,3.7517910404561827,1677.0183493295065,0.15764551680961228
0,327,4.710162586821141,1681.7285119163275,0.15802490421954432
0,328,5.053868771021811,1686.7823806873494,0.15843197598147013
0,329,4.266986400807941,1691.0493670881574,0.15877566707259022
0,330,3.388597253683522,1694.4379643418408,0.15904860693648679
0,331,3.2580061627982255,1697.695970504639,0.1593110281367878
0,332,3.8233102681369027,1701.519280772776,0.1596189826401108
0,333,4.7854183452763746,1706.3046991180524,0.16000443164277056
0,334,4.209598573892608,1710.514297691945,0.16034350034164546
0,335,4.609520079918851,1715.123817771864,0.16071478134350367
0,336,4.989920413591536,1720.1137381854555,0.1611167022849965
0,337,4.461704099990382,1724.575442285446,0.1614760772176399
0,338,4.123722684106062,1728.699164969552,0.1618082289087043
0,339,4.566228466161268,1733.2653934357131,0.16217602291984565
0,340,4.246494920271113,1737.5118883559842,0.1625180634926273
0,341,4.728650933917391,1742.2405392899016,0.16289894007538286
0,342,5.273207289209905,1747.5137465791115,0.1633236788011936
0,343,4.449036120866104,1751.9627826999777,0.16368203337165202
0,344,4.844666522177686,1756.8074492221554,0.1640722546113553
0,345,5.377003915460361,1762.1844531376157,0.16450535379871423
0,346,5.737534588293649,1767.9219877259093,0.16496749249280912
0,347,5.707221059122936,1773.6292087850322,0.16542718953630148
0,348,5.581945241979229,1779.2111540270114,0.1658767960432323
0,349,4.929469338688471,1784.1406233656999,0.1662738478583813
0,350,4.790151482953462,1788.9307748486533,0.16665967809901555
0,351,5.173492061614464,1794.1042669102678,0.1670763851059141
0,352,4.715465195896178,1798.819732106164,0.16745619962278477
0,353,4.907093471591445,1803.7268255777556,0.1678514491387336
0,354,6.0662360183026065,1809.7930615960581,0.16834006360343584
0,355,5.172319321809135,1814.9653809178672,0.16875667615017317
0,356,5.266387095968143,1820.2317680138353,0.16918086553285588
0,357,5.904204127033249,1826.1359721408685,0.16965642888553767
0,358,5.712160105739823,1831.8481322466082,0.17011652375226202
0,359,5.88411680533788,1837.7322490519462,0.1705904691402112
0,360,5.921846513104672,1843.6540955650507,0.17106745352646313
0,361,5.026987640668895,1848.6810832057197,0.1714723601057158
0,362,4.715336628362263,1853.396419834082,0.17185216426691338
0,363,5.069519545031429,1858.4659393791135,0.17226049664490192
0,364,5.098662705144719,1863.5646020842582,0.17267117640428734
0,365,5.731044954223916,1869.2956470384822,0.17313279238065946
0,366,5.952896176959851,1875.2485432154422,0.17361227771063303
0,367,5.108937246822195,1880.3574804622644,0.17402378504904217
0,368,6.025027850570156,1886.3825083128347,0.17450908033744508
0,369,6.252491503653347,1892.634999816488,0.17501269704142683
0,370,5.9026714624423535,1898.5376712789305,0.17548813694324283
0,371,6.119846925122377,1904.6575182040528,0.17598106958225598
0,372,5.617638596477735,1910.2751568005306,0.1764335510662317
0,373,6.1060501826503994,1916.381206983181,0.1769253724250511
0,374,5.830010211072482,1922.2112171942535,0.17739495971276908
0,375,6.06989067104631,1928.2811078652999,0.17788386854719063
0,376,6.20874516013201,1934.4898530254318,0.17838396163353568
0,377,5.909596802476001,1940.3994498279078,0.1788599593476925
0,378,6.356028518579173,1946.755478346487,0.1793719156024224
0,379,6.34113299636789,1953.0966113428549,0.17988267207402653
0,380,6.097553483148138,1959.194164826003,0.18037380905289985
0,381,6.1392908807464,1965.3334557067494,0.18086830783571944
0,382,5.691710894290572,1971.02516660104,0.18132675558873515
0,383,6.540174090777151,1977.565340691817,0.18185354413649077
0,384,6.075976369622046,1983.6413170614392,0.1823429431530192
0,385,5.459800255489957,1989.101117316929,0.18278271130103854
0,386,6.754781653985637,1995.8558989709147,0.18332678575051342
0,387,7.304101118275521,2003.1600000891901,0.18391510599510486
0,388,6.920258331155514,2010.0802584203457,0.1844725090222665
0,389,6.720080488356844,2016.8003389087025,0.18501378841210026
0,390,6.132919816531556,2022.933258725234,0.18550777402759147
0,391,5.014680350228657,2027.9479390754627,0.1859116892968931
0,392,5.949031332876285,2033.896970408339,0.18639086332695723
0,393,5.3593398529061265,2039.256310261245,0.18682253973477983
0,394,5.258046821407695,2044.5143570826529,0.18724605733700797
0,395,5.933347120023667,2050.4477042026765,0.1877239680576255
0,396,5.146011247480274,2055.5937154501567,0.18813846157938313
0,397,5.348916018918086,2060.9426314690745,0.18856929838319944
0,398,5.681387530161587,2066.624018999236,0.18902691462471066
0,399,5.0923657832608775,2071.716384782497,0.18943708718867766
0,400,5.245695308163283,2076.96208009066,0.1898596099189598
0,401,5.512477435564685,2082.4745575262245,0.19030362103280948
0,402,5.276246430017445,2087.750803956242,0.19072860455096835
0,403,5.341785476776728,2093.092589433019,0.19115886701411922
0,404,5.82846142910254,2098.9210508621213,0.19162832955277187
0,405,5.3054544962546535,2104.226505358376,0.19205566568029284
0,406,5.6970037787683445,2109.9235091371443,0.19251453975696425
0,407,5.800649035200365,2115.7241581723447,0.19298176210286516
0,408,5.219165739880129,2120.943323912225,0.19340214796759078
0,409,6.405671634619103,2127.348995546844,0.19391810280471952
0,410,6.797092690960378,2134.146088237804,0.19446558526282115
0,411,6.419755301584562,2140.565843539389,0.19498267449092554
0,412,6.400803731730153,2146.966647271119,0.1954982372352051
0,413,5.475810590488007,2152.442457861607,0.19593929496068918
0,414,4.161336431481991,2156.6037942930893,0.19627447630984537
0,415,4.398090478950351,2161.00188477204,0.19662872738392173
0,416,4.1802145112026485,2165.1820992832427,0.19696542929752506
0,417,4.929742441758196,2170.111841725001,0.19736250311018783
0,418,5.081842781246534,2175.1936845062473,0.19777182808250476
0,419,4.3547494140380625,2179.5484339202853,0.19812258818274364
0,420,4.9300738959024395,2184.4785078161876,0.19851968869289865
0,421,5.0756724882671085,2189.554180304455,0.19892851666932027
0,422,4.8296062241390025,2194.3837865285936,0.19931752485377113
0,423,4.6657908969052455,2199.0495774254987,0.19969333827656335
0,424,4.628341115750207,2203.677918541249,0.20006613524817943
0,425,3.683667445158805,2207.3615859864076,0.20036284200199297
0,426,4.234562802186938,2211.5961487885947,0.2007039214836676
0,427,5.088866775917346,2216.685015564512,0.20111381221461738
0,428,5.5071525687097775,2222.192168133222,0.20155739442874077
0,429,5.123735761648198,2227.31590389487,0.20197009373666416
0,430,4.786742460998931,2232.102646355869,0.20235564939229508
0,431,5.118968575157418,2237.2216149310266,0.20276796471972905
0,432,4.9310890895698725,2242.1527040205965,0.2031651470002453
0,433,5.150769593104574,2247.303473613701,0.20358002379039095
0,434,4.873749209486989,2252.177222823188,0.20397258754061456
0,435,5.533372158783514,2257.7105949819716,0.20441828165261497
0,436,5.4789523661158634,2263.189547348087,0.20485959243732918
0,437,5.551384034676721,2268.740931382764,0.20530673734403512
0,438,5.602241495186558,2274.3431728779506,0.20575797864441386
0,439,5.9090439621167565,2280.2522168400674,0.2062339318291796
0,440,5.6204626149019585,2285.8726794549693,0.2066866407781347
0,441,5.936313055808823,2291.8089925107784,0.2071647903946873
0,442,5.939741147476153,2297.7487336582544,0.2076432161322431
0,443,6.2389198453814085,2303.987653503636,0.20814573968578992
0,444,5.922659568534183,2309.91031307217,0.20862278956086264
0,445,6.162156714783843,2316.072469786954,0.20911913010803576
0,446,6.034934000884262,2322.1074037878384,0.2096052233028041
0,447,6.495924343322536,2328.603328131161,0.21012844768546615
0,448,6.386772346736988,2334.990100477898,0.21064288024990324
0,449,6.8453050783177325,2341.835405556216,0.21119424605012505
0,450,6.504401177784553,2348.3398067340004,0.21171815321267246
0,451,6.765891831333944,2355.1056985653345,0.2122631225487527
0,452,6.462082192841777,2361.5677807581765,0.21278362106249185
0,453,6.570734316086081,2368.1385150742626,0.21331287113137615
0,454,6.479313572996531,2374.617828647259,0.21383475757357123
0,455,6.666951594058612,2381.2847802413175,0.2143717576135463
0,456,6.631064820093773,2387.9158450614113,0.2149058670972031
0,457,6.9451909659256525,2394.861036027337,0.21546527836241466
0,458,6.820042620240544,2401.6810786475776,0.2160146093584526
0,459,5.898295931677481,2407.5793745792553,0.21648969682630198
0,460,5.721828401850971,2413.301202981106,0.2169505704410531
0,461,5.2207128415481785,2418.521915822654,0.21737108091950144
0,462,5.809173238312685,2424.331089060967,0.21783898986066969
0,463,6.546904951002562,2430.8779940119693,0.21836632055608593
0,464,6.452166008884486,2437.330160020854,0.21888602035528418
0,465,5.1898183413358945,2442.5199783621897,0.21930404238790915
0,466,4.652112788825497,2447.172091151015,0.2196787540861003
0,467,4.832965903495972,2452.0050570545113,0.22006803288117785
0,468,5.89962666992416,2457.9046837244355,0.2205432275354199
0,469,5.76143500216312,2463.6661187265986,0.2210072913257184
0,470,6.1088255256506825,2469.7749442522495,0.22149933622887905
0,471,6.265356877885995,2476.0403011301355,0.22200398919454348
0,472,5.190953403579853,2481.2312545337154,0.22242210265253157
0,473,4.766157767475523,2485.9974123011907,0.22280600028183828
0,474,4.90761930948743,2490.905031610678,0.2232012921522226
0,475,5.572313294146866,2496.4773449048253,0.22365012283885566
0,476,5.369726915265598,2501.847071820091,0.2240826358888563
0,477,5.507178325606247,2507.3542501456973,0.22452622017760918
0,478,5.185271666091663,2512.5395218117887,0.22494387599116783
0,479,5.713366274930135,2518.252888086719,0.2254040680106755
0,480,5.639326952154252,2523.892215038873,0.2258582964171691
0,481,6.126840793391836,2530.0190558322647,0.22635179238823694
0,482,5.736679390555536,2535.75573522282,0.22681386219909286
0,483,5.342246070126196,2541.0979812929463,0.22724416176145523
0,484,5.905300125130584,2547.0032814180768,0.22771981339301736
0,485,5.513554026768,2552.5168354448447,0.22816391122258878
0,486,5.610749764486558,2558.1275852093313,0.22861583783482103
0,487,5.922714241469631,2564.050299450801,0.22909289211361084
0,488,6.057846223506074,2570.1081456743073,0.22958083080917369
0,489,5.7082230919726955,2575.81636876628,0.23004060856296865
0,490,5.589147646066772,2581.405516412347,0.23049079519879773
0,491,5.761036684293288,2587.16655309664,0.23095482690596061
0,492,6.180606212802891,2593.347159309443,0.23145265349679758
0,493,6.179395458281138,2599.5265547677245,0.2319503825655186
0,494,6.505744840454999,2606.0322996081795,0.2324743979554766
0,495,5.846162752979268,2611.8784623611587,0.23294528627493707
0,496,5.141938711921234,2617.02040107308,0.23335945176795067
0,497,5.4616160803831,2622.482017153463,0.23379936617442512
0,498,5.581095085510672,2628.0631122389736,0.23424890420417394
0,499,5.64261644720148,2633.705728686175,0.23470339756818928
0,500,5.811037148385449,2639.5167658345604,0.23517145664090858
0,501,5.7368942415465005,2645.253660076107,0.23563354375727352
0,502,6.3209049757992934,2651.574565051906,0.23614267093133426
0,503,5.929023674997344,2657.5035887269037,0.23662023341331243
0,504,5.786010560523031,2663.289599287427,0.2370862766803831
0,505,6.404047688346713,2669.6936469757734,0.23760210071422025
0,506,6.793253322057759,2676.486900297831,0.23814927392435076
0,507,6.797000502921776,2683.283900800753,0.23869674895702273
0,508,6.62632620912418,2689.9102270098774,0.23923047676185014
0,509,5.915050319856024,2695.8252773297336,0.23970691373809097
0,510,6.2396862479218385,2702.0649635776554,0.2402094990227287
0,511,5.605551412100528,2707.6705149897557,0.24066100692554035
0,512,5.6572158594366275,2713.3277308491924,0.24111667622204047
0,513,6.125524617915948,2719.453255467108,0.24161006617969674
0,514,5.570810961891852,2725.024066429,0.24205877585862937
0,515,5.84713140510898,2730.871197834109,0.24252974219969015
0,516,5.670324820301954,2736.541522654411,0.24298646737793914
0,517,6.183141679905555,2742.7246643343165,0.2434844981919381
0,518,6.794089469231634,2749.518753803548,0.24403173875085005
0,519,5.7472353464421415,2755.26598914999,0.2444946588076772
0,520,5.253960123096482,2760.5199492730867,0.24491784724040028
0,521,5.595089342690605,2766.1150386157774,0.2453685124594738
0,522,5.423204647542093,2771.5382432633196,0.2458053329570335
0,523,5.396619695356819,2776.9348629586766,0.24624001212805366
0,524,5.505257583768426,2782.440120542445,0.24668344170765213
0,525,5.542356753209757,2787.982477295655,0.2471298594978581
0,526,6.229341850425619,2794.2118191460804,0.24763161157682592
0,527,5.865785314309953,2800.0776044603904,0.24810408042616883
0,528,5.535215886205133,2805.6128203465955,0.24854992304407708
0,529,6.279547122389168,2811.8923674689845,0.24905571898517156
0,530,6.62532458943585,2818.5176920584204,0.24958936611297514
0,531,6.566836927671421,2825.0845289860918,0.250118302260616
0,532,6.525159070522569,2831.6096880566142,0.2506438814000891
0,533,6.236690115935102,2837.8463781725495,0.2511462253565915
0,534,5.963118680055929,2843.8094968526057,0.2516265340740599
0,535,5.247963618439776,2849.0574604710455,0.2520492395089398
0,536,5.243174160373175,2854.3006346314187,0.25247155916943137
0,537,6.025569791787653,2860.3262044232065,0.252956898109337
0,538,5.699156590134246,2866.025361013341,0.25341594558756586
0,539,5.032067518414381,2871.0574285317552,0.25382126133351396
0,540,5.4813368345150755,2876.53876536627,0.2542627641789635
0,541,5.662811406361212,2882.201576772631,0.25471888417753935
0,542,6.214644855939455,2888.4162216285704,0.25521945246410743
0,543,5.832954324354135,2894.2491759529244,0.2556892768900328
0,544,5.535930899658515,2899.785106852583,0.2561351770998176
0,545,5.245319268779731,2905.030426121363,0.2565576695414197
0,546,5.3818982085836335,2910.4123243299464,0.25699116294727053
0,547,5.287754428384805,2915.700078758331,0.2574170733951507
0,548,5.350375502255004,2921.050454260586,0.2578480277553343
0,549,5.255003055825748,2926.305457316412,0.25827130019270467
0,550,5.1080533115814415,2931.413510627993,0.2586827363331678
0,551,6.064791720420692,2937.4783023484138,0.25917123446463897
0,552,5.651572343263306,2943.1298746916773,0.25962644919530525
0,553,4.992926057252374,2948.12280074893,0.26002861223106605
0,554,6.162226172811752,2954.2850269217415,0.2605249583728446
0,555,6.574371389615222,2960.859398311357,0.2610545013955029
0,556,6.125026551369729,2966.984424862727,0.26154785123561053
0,557,5.773485236675915,2972.7579100994026,0.2620128856308885
0,558,6.219833400120922,2978.9777434995235,0.26251387183686
0,559,6.003178084347044,2984.9809215838704,0.2629974072016802
0,560,5.886312274954237,2990.867233858825,0.26347152942716223
0,561,5.90402001896302,2996.771253877788,0.26394707795057165
0,562,5.823973258858923,3002.595227136647,0.2644161789825348
0,563,6.762821889318453,3009.358049025965,0.2649609010453355
0,564,6.291130504965783,3015.6491795309307,0.2654676299880903
0,565,5.720446926869989,3021.3696264578007,0.26592839232977916
0,566,6.855937869927178,3028.225564327728,0.2664806145648256
0,567,7.188123527238989,3035.413687854967,0.26705959321301515
0,568,6.763543807913778,3042.177231662881,0.26760437342387783
0,569,6.508154781839507,3048.6853864447203,0.2681285829263326
0,570,6.894180196449905,3055.57956664117,0.268683885449361
0,571,6.289997768852017,3061.869564410022,0.26919052315411457
0,572,6.218743158067891,3068.08830756809,0.2696914215448353
0,573,6.599119904117341,3074.687427472207,0.27022295797528867
0,574,6.215303563125573,3080.9027310353326,0.2707235793184569
0,575,6.45510843244063,3087.3578394677734,0.27124351611976105
0,576,6.5514998245651945,3093.9093392923387,0.2717712169164525
0,577,7.117117924815599,3101.026457217154,0.272344476307377
0,578,6.773232426509652,3107.799689643664,0.27289003690317276
0,579,7.127959393164504,3114.9276490368284,0.27346416953711616
0,580,7.0267448842245255,3121.954393921053,0.2740301496901873
0,581,7.058999477478492,3129.0133933985317,0.2745987278399024
0,582,7.020787013790076,3136.034180412322,0.27516422810698427
0,583,7.074985906907863,3143.1091663192296,0.2757340939086526
0,584,6.499763065978444,3149.6089293852083,0.2762576274872329
0,585,6.390086968224561,3155.999016353433,0.27677232703304017
0,586,6.744010085611442,3162.7430264390446,0.2773155338696989
0,587,7.42040200919336,3170.163428448238,0.2779132217513867
0,588,6.8378176390820595,3177.00124608732,0.2784639844641086
0,589,6.318176008748237,3183.319422096068,0.27897289182925145
0,590,6.722430787647463,3190.041852883716,0.2795143605276163
0,591,8.00269525380128,3198.0445481375173,0.28015895012911113
0,592,7.966813019193089,3206.0113611567103,0.2808006495399173
0,593,6.558373110645935,3212.569734267356,0.28132890395618254
0,594,6.016920092073267,3218.5866543594293,0.2818135461925008
0,595,4.956563641803006,3223.543218001232,0.28221278036065633
0,596,5.368149663744921,3228.911367664977,0.2826451663684672
0,597,5.274435843638627,3234.1858035086157,0.28307000405011523
0,598,5.332039309492489,3239.517842818108,0.283499481492984
0,599,5.14926115640774,3244.6671039745156,0.28391423678373745
0,600,3.916303745404895,3248.5834077199206,0.284229681592083
0,601,5.172774650506309,3253.756182370427,0.28464633081398216
0,602,6.004113021374104,3259.760295391801,0.285129941484767
0,603,5.714015912388421,3265.474311304189,0.28559018583033946
0,604,5.315297452060961,3270.78960875625,0.2860183147741253
0,605,5.387062629211598,3276.1766713854613,0.2864522241563103
0,606,5.600410577920734,3281.777081963382,0.28690331798259516
0,607,5.463317597350364,3287.2403995607324,0.2873433694404141
0,608,5.206491516194823,3292.4468910769274,0.28776273443997674
0,609,5.647986289282212,3298.0948773662094,0.28821766032631824
0,610,6.2845900468136575,3304.379467413023,0.28872386245764514
0,611,5.8435933518654455,3310.2230607648885,0.28919454382067566
0,612,5.050613602647078,3315.2736743675355,0.2896013533899752
0,613,6.289031415411431,3321.562705782947,0.29010791325827995
0,614,6.803672201428442,3328.3663779843755,0.29065592567333937
0,615,6.349181290301988,3334.7155592746776,0.291167330407362
0,616,6.21971330991235,3340.93527258459,0.2916683069404799
0,617,5.8376339410586064,3346.772906525649,0.2921385082934494
0,618,4.846698813378529,3351.6196053390277,0.292528893227225
0,619,5.247792102753923,3356.8673974417816,0.29295158484710576
0,620,5.782636983154754,3362.650034424936,0.2934173563841127
0,621,5.089751277903888,3367.73978570284,0.2938273183586579
0,622,4.838388625898485,3372.5781743287384,0.29421703393538984
0,623,5.23551598166017,3377.8136903103987,0.29463873675590335
0,624,5.0153286243947734,3382.8290189347936,0.29504270424146123
0,625,5.137620795423087,3387.9666397302167,0.2954565219411394
0,626,5.478702062600999,3393.4453417928175,0.29589781256476566
0,627,5.201760623920662,3398.647102416738,0.29631679650721326
0,628,5.680275390682574,3404.327377807421,0.29677432316971136
0,629,5.6298670621536555,3409.9572448695744,0.29722778961457424
0,630,5.009756899800497,3414.9670017693747,0.29763130831686324
0,631,6.203267093764248,3421.170268863139,0.2981309601637877
0,632,6.736634834513911,3427.906903697653,0.29867357294931557
0,633,6.073024033754655,3433.9799277314078,0.2991627341653355
0,634,4.952865072466915,3438.9327928038747,0.29956167042644116
0,635,5.385596379787699,3444.3183891836625,0.29999546170727376
0,636,5.256857278114993,3449.5752464617776,0.30041888349587753
0,637,5.219819396334207,3454.7950658581117,0.3008393220103842
0,638,5.511228898342752,3460.3062947564545,0.30128323255885125
0,639,5.424685938513928,3465.7309806949684,0.30172017236930826
0,640,5.1816845497890265,3470.9126652447576,0.3021375392529759
0,641,5.952230598474032,3476.864895843232,0.30261697097288964
0,642,5.090881962661188,3481.955777805893,0.3030270240202065
0,643,5.804269618215242,3487.760047424108,0.3034945379916271
0,644,6.026070735535862,3493.786118159644,0.3039799172808302
0,645,6.1499456982655625,3499.9360638579096,0.3044752742725858
0,646,6.177254181622675,3506.1133180395323,0.3049728308688304
0,647,5.932487933314612,3512.0458059728467,0.3054506723849111
0,648,4.82327271741469,3516.869078690261,0.30583917042716036
0,649,4.850063136042345,3521.7191418263037,0.306229826345565
0,650,5.560745620962172,3527.279887447266,0.3066777252958752
0,651,5.384261985198752,3532.664149432465,0.30711140909580936
0,652,5.233329785415062,3537.89747921788,0.30753293582572816
0,653,5.769755997043959,3543.667235214924,0.30799766984356924
0,654,5.235019591888603,3548.9022548068124,0.3084193326815925
0,655,5.909844952768769,3554.812099759581,0.30889535038340266
0,656,6.1100198126712435,3560.9221195722525,0.3093874914822786
0,657,5.764840148832834,3566.6869597210853,0.3098518295454396
0,658,5.406941106646052,3572.0939008277314,0.31028734007066966
0,659,5.816297538884545,3577.910198366616,0.3107558228497664
0,660,5.45787807230999,3583.368076438926,0.31119543617253614
0,661,5.58237143005819,3588.950447868984,0.31164507700745214
0,662,5.9220579108198645,3594.872505779804,0.3121220784210636
0,663,5.712642020360668,3600.585147800165,0.3125822121043546
0,664,6.185738968962484,3606.7708867691276,0.31308045212106156
0,665,6.194659126062378,3612.96554589519,0.3135794106257689
0,666,5.6591131907622945,3618.6246590859523,0.3140352327457871
0,667,6.314408236337875,3624.93906732229,0.3145438366298102
0,668,6.582212414164987,3631.521279736455,0.31507401122005035
0,669,6.819148277559542,3638.340428014015,0.31562327017985875
0,670,6.446079501679617,3644.7865075156947,0.3161424797318179
0,671,6.611830511340448,3651.398338027035,0.31667503995800317
0,672,5.637921154092749,3657.036259181128,0.31712915513229395
0,673,5.470859032378554,3662.5071182135066,0.3175698140267883
0,674,6.18349688198545,3668.690615095492,0.31806787345109416
0,675,5.98407488469489,3674.674689980187,0.3185498701188304
0,676,5.772771542153215,3680.4474615223403,0.31901484702846716
0,677,6.098547171146477,3686.546008693487,0.319506064045494
0,678,6.332673076242951,3692.8786817697296,0.32001613909960447
0,679,6.373106135632213,3699.2517879053617,0.32052947089770084
0,680,6.2550231521884445,3705.5068110575503,0.3210332915172721
0,681,5.801012967313389,3711.3078240248637,0.3215005431766541
0,682,6.758396340455365,3718.066220365319,0.3220449087767023
0,683,6.158303734593525,3724.2245240999127,0.32254093897956176
0,684,5.8827597674690555,3730.1072838673817,0.32301477506277404
0,685,6.61863378986169,3736.7259176572434,0.3235478832696648
0,686,7.354364013680764,3744.0802816709243,0.3241402520177531
0,687,7.6633697984378895,3751.7436514693622,0.32475751011990767
0,688,6.807092830258288,3758.5507442996204,0.32530579805486437
0,689,5.252622245909605,3763.80336654553,0.3257288787261776
0,690,4.268932419739379,3768.0722989652695,0.3260727265624352
0,691,3.8753300871424825,3771.947629052412,0.32638487108341335
0,692,4.081968207481699,3776.0295972598938,0.3267136595948746
0,693,4.478453391034196,3780.508050650928,0.3270743836253528
0,694,5.050593039918485,3785.5586436908466,0.3274811915383953
0,695,4.771494277491584,3790.330137968338,0.3278655190052449
0,696,4.434026208232997,3794.764164176571,0.3282226645788221
0,697,4.886648077523168,3799.650812254094,0.32861626728853915
0,698,4.98613080751328,3804.6369430616073,0.32901788299028534
0,699,4.790212564436973,3809.427155626044,0.3294037181508232
0,700,4.896786424033923,3814.323942050078,0.32979813746951137
0,701,4.3285917003167285,3818.652533750395,0.33014679065580077
0,702,4.007308331017505,3822.6598420814125,0.3304695655707809
0,703,4.928376797104383,3827.5882188785167,0.3308665293854598
0,704,5.692071897409851,3833.2802907759265,0.33132500621603617
0,705,6.299603056831543,3839.579893832758,0.3318324175937279
0,706,4.686310939009334,3844.266204771767,0.3322098838353947
0,707,3.8059463426719886,3848.0721511144393,0.3325164397341924
0,708,4.20582208758818,3852.2779732020276,0.3328552042500734
0,709,4.625813377082633,3856.90378657911,0.3332277976210264
0,710,4.414800401909822,3861.31858698102,0.33358339462197356
0,711,5.084682191587754,3866.403269172608,0.33399294829903586
0,712,5.454753407685347,3871.8580225802934,0.3344323099408081
0,713,4.865189934252153,3876.7232125145456,0.3348241842708254
0,714,4.632352600291299,3881.3555651148367,0.33519730435373585
0,715,5.3517614670443034,3886.7073265818813,0.3356283703486204
0,716,5.731999341554077,3892.4393259234353,0.3360900631976122
0,717,5.34501177549972,3897.784337698935,0.33652058552803804
0,718,5.364861415218339,3903.1491991141534,0.3369527066787302
0,719,5.222305583551124,3908.3715046977045,0.3373733454470734
0,720,4.584561726727865,3912.9560664244323,0.3377426161393513
0,721,4.833896294016479,3917.789962718449,0.3381319698741879
0,722,5.3694747783297405,3923.1594374967785,0.3385644626154249
0,723,4.581555454535606,3927.740992951314,0.3389334911628087
0,724,4.575516603382495,3932.3165095546965,0.33930203330148456
0,725,5.277404390233934,3937.5939139449306,0.3397271100893595
0,726,4.692832876581358,3942.2867468215118,0.3401051016506851
0,727,4.9860313109198735,3947.2727781324315,0.3405067093383226
0,728,5.61983739956516,3952.892615531997,0.34095936792833087
0,729,5.139922413385261,3958.032537945382,0.34137337101542636
0,730,5.360048226673546,3963.3925861720554,0.3418051044803216
0,731,5.545900127523638,3968.938486299579,0.3422518076771518
0,732,5.005328957784677,3973.9438152573634,0.342654969723928
0,733,6.145306641815367,3980.0891218991787,0.3431499530556286
0,734,6.579480747405388,3986.668602646584,0.3436799076194986
0,735,5.538767325085405,3992.2073699716693,0.34412603629360417
0,736,4.801344246247504,3997.008714217917,0.34451276807285797
0,737,5.3099456197208115,4002.318659837638,0.3449404659449404
0,738,5.021912584241638,4007.3405724218796,0.3453449637458383
0,739,5.171837988970123,4012.51241041085,0.34576153752286953
0,740,5.421914766707997,4017.934325177558,0.3461982541249607
0,741,5.108163048758176,4023.0424882263164,0.34660969910437633
0,742,6.024479396783609,4029.0669676231,0.3470949502167115
0,743,5.819368366219392,4034.8863359893194,0.3475636803403972
0,744,5.17567965373466,4040.062015643054,0.34798056355032336
0,745,6.171931875406478,4046.233947518461,0.3484776914530924
0,746,6.656112936285825,4052.8900604547466,0.3490138184764308
0,747,6.283712671226575,4059.173773125973,0.3495199499381693
0,748,6.096622307510535,4065.270395433484,0.350011011914045
0,749,6.186863659833444,4071.457259093317,0.3505093425207366
0,750,5.294469228256148,4076.7517283215734,0.3509357938226711
0,751,5.2937950721295435,4082.0455233937028,0.3513621908236462
0,752,5.833267474021159,4087.878790867724,0.35183204047270117
0,753,5.421884126259399,4093.3006749939836,0.3522687546068095
0,754,4.996250544537344,4098.296925538521,0.35267118541859654
0,755,5.873231671560384,4104.170157210081,0.3531442540464266
0,756,5.272873759067191,4109.443030969148,0.3535689659075305
0,757,5.4730807639380945,4114.916111733086,0.354009803754867
0,758,6.088068496036654,4121.0041802291225,0.3545001767506236
0,759,5.51840529284392,4126.522585521967,0.3549446653330061
0,760,4.774682983641154,4131.297268505608,0.35532924963917817
0,761,5.5928239031004825,4136.890092408709,0.3557797323848779
0,762,5.474200695731288,4142.364293104441,0.35622066043887174
0,763,5.535028438420889,4147.899321542862,0.35666648795850514
0,764,5.772323636993547,4153.671645179856,0.3571314287909206
0,765,5.364856280917496,4159.036501460773,0.35756354952806235
0,766,5.483202623751806,4164.519704084525,0.35800520265642316
0,767,5.669610634239786,4170.189314718765,0.3584618703094391
0,768,5.10678920714546,4175.29610392591,0.358873204630634
0,769,6.200651261532049,4181.4967551874415,0.35937264578126143
0,770,6.630980720627392,4188.127735908069,0.3599067484909952
0,771,6.017054746399879,4194.144790654468,0.36039140157325666
0,772,5.985996907104115,4200.130787561572,0.36087355305329294
0,773,6.2847689762841705,4206.415556537856,0.3613797695967738
0,774,5.511593851103259,4211.9271503889595,0.36182370954093157
0,775,5.256969413113084,4217.184119802073,0.3622471403616241
0,776,5.395239834302174,4222.579359636375,0.36268170838957814
0,777,5.395616414245074,4227.97497605062,0.36311630674975254
0,778,6.143733933253463,4234.1187099838735,0.36361116340518307
0,779,6.252815703020296,4240.371525686894,0.36411480622230974
0,780,5.42037565100221,4245.791901337896,0.36455139885391996
0,781,6.315927650014192,4252.107828987911,0.3650601251214933
0,782,6.766249040878791,4258.874078028789,0.3656051232295748
0,783,6.285217530654646,4265.159295559443,0.36611137590256876
0,784,6.003578573201775,4271.162874132645,0.3665949435253899
0,785,6.307894486920119,4277.470768619565,0.36710302274928186
0,786,6.078391320968648,4283.549159940534,0.3675926162818423
0,787,5.791408922899583,4289.340568863434,0.36805909436845097
0,788,5.793173244749039,4295.133742108183,0.3685257145651215
0,789,5.649866089553003,4300.783608197736,0.36898079186291494
0,790,6.56033801314992,4307.343946210885,0.3695092045453245
0,791,6.152869728612433,4313.4968159394975,0.37000479705767614
0,792,5.539396153723394,4319.036212093221,0.37045097638176755
0,793,6.783332756186287,4325.819544849408,0.37099735052440913
0,794,7.13344027784818,4332.952985127256,0.3715719246247788
0,795,6.779373464153167,4339.732358591409,0.37211797986005307
0,796,6.483067763275441,4346.2154263546845,0.3726401686893739
0,797,6.661694758007596,4352.877121112692,0.3731767453092701
0,798,6.4685790396010745,4359.345700152293,0.3736977671216893
0,799,5.992174048426659,4365.33787420072,0.3741804161492314
0,800,5.866332962844704,4371.204207163564,0.37465292910978176
0,801,5.7460643065238255,4376.950271470088,0.3751157548433678
0,802,6.65187866347253,4383.602150133561,0.37565154081058216
0,803,6.289440368657308,4389.891590502218,0.37615813361866546
0,804,5.625939675760098,4395.517530177978,0.37661128372605085
0,805,6.364985027463966,4401.882515205442,0.37712396139679244
0,806,7.166544229919211,4409.049059435361,0.3777012019067399
0,807,7.3410695534319705,4416.390128988794,0.3782924998317415
0,808,5.916897744565968,4422.30702673336,0.37876908561169403
0,809,5.701403540331409,4428.008430273691,0.3792283140740397
0,810,5.847636929983144,4433.856067203675,0.37969932113339183
0,811,5.167469478481446,4439.023536682156,0.3801155430419156
0,812,6.003058399161408,4445.026595081317,0.38059906876650534
0,813,6.284275366007099,4451.310870447324,0.38110524555137465
0,814,5.707681988420266,4457.018552435745,0.381564979721138
0,815,4.072920842149917,4461.091473277895,0.38189303949841297
0,816,3.091620774396225,4464.1830940522905,0.3821420589274602
0,817,4.325640308461093,4468.508734360752,0.38249047438927813
0,818,4.591167764818165,4473.09990212557,0.3828602771752226
0,819,3.893662886903773,4476.993565012474,0.38317389834022103
0,820,4.858893418167874,4481.852458430642,0.3835652655075057
0,821,4.587426282534205,4486.439884713177,0.3839347669299098
0,822,4.176709250004137,4490.616593963181,0.38427118650676934
0,823,4.852742240147517,4495.469336203329,0.38466205821780297
0,824,5.05327921388468,4500.522615417213,0.3850690824929274
0,825,4.6408242202895105,4505.163439637503,0.38544288493571605
0,826,5.087435050820615,4510.250874688323,0.3858526603461293
0,827,5.258765652512414,4515.509640340835,0.3862762358477327
0,828,5.462846628367346,4520.972486969203,0.3867162493706185
0,829,5.523960309633829,4526.496447278837,0.3871611853905137
0,830,5.777917825090443,4532.274365103927,0.38762657681555585
0,831,5.490845713733299,4537.765210817661,0.38806884556854926
0,832,5.399875310922068,4543.1650861285825,0.38850378696821525
0,833,5.820557939221283,4548.985644067804,0.3889726129079183
0,834,5.365852422131001,4554.351496489935,0.3894048138808116
0,835,5.397355488194471,4559.748851978129,0.38983955231741624
0,836,5.332526393441064,4565.08137837157,0.3902690689932232
0,837,5.498518983510541,4570.579897355081,0.3907119558017281
0,838,6.284759318347776,4576.864656673429,0.3912181715672953
0,839,6.0150632466585785,4582.879719920087,0.39170266424109645
0,840,5.146861932627726,4588.026581852715,0.39211722628261936
0,841,6.34593391508232,4594.372515767797,0.3926283694517276
0,842,6.92038061783434,4601.292896385632,0.393185782328661
0,843,6.370262154635384,4607.663158540267,0.39369888505386147
0,844,6.173118283217169,4613.836276823485,0.3941961085177025
0,845,6.025731803096668,4619.862008626581,0.39468146050706227
0,846,5.387093087861872,4625.249101714443,0.3951153723425868
0,847,5.743633819495521,4630.992735533939,0.3955780023087951
0,848,6.0987676010281975,4637.091503134967,0.39606923708069136
0,849,5.68904449142557,4642.780547626392,0.3965274700641193
0,850,5.968301509954545,4648.7488491363465,0.39700819624072525
0,851,5.9241252650787875,4654.672974401426,0.3974853641726178
0,852,5.888502965487906,4660.561477366913,0.397959662850694
0,853,5.970959540467013,4666.5324369073805,0.3984406031225235
0,854,6.768422150759429,4673.30085905814,0.3989857762671381
0,855,6.224798303885191,4679.525657362025,0.39948716237904597
0,856,5.449267173367219,4684.974924535392,0.3999260821234972
0,857,5.877078837661836,4690.852003373054,0.40039946062733595
0,858,5.786678631829634,4696.638682004884,0.40086555770525456
0,859,5.613372942592814,4702.252054947477,0.40131769560546876
0,860,5.464390940385583,4707.716445887862,0.4017578335173806
0,861,5.476672268925735,4713.193118156788,0.4021989606481017
0,862,6.2495550903611345,4719.442673247149,0.40270234083408374
0,863,5.920974687924588,4725.3636479350735,0.4031792549978134
0,864,5.370266056450721,4730.733913991524,0.4036118114737837
0,865,6.324053373552533,4737.057967365076,0.404121192240464
0,866,6.821333335518016,4743.879300700594,0.404670627199182
0,867,6.892497813121086,4750.771798513715,0.4052257942120147
0,868,5.6655467420649614,4756.43734525578,0.4056821345324816
0,869,5.720529017095934,4762.157874272876,0.406142903486256
0,870,5.533713446042091,4767.6915877189185,0.40658862508777227
0,871,4.987781482405971,4772.679369201324,0.4069903737457085
0,872,5.504416473958912,4778.183785675284,0.4074337355768023
0,873,5.904634855282311,4784.088420530566,0.40790933362316434
0,874,5.642496856603628,4789.730917387169,0.40836381735456795
0,875,5.406217494459888,4795.137134881629,0.40879926959532314
0,876,5.379623845106535,4800.516758726736,0.40923257980901173
0,877,4.752135395701027,4805.268894122437,0.4096153479844598
0,878,5.231589508683029,4810.50048363112,0.4100367345410683
0,879,5.816648201518044,4816.317131832638,0.4105052455648351
0,880,5.176276472318199,4821.493408304956,0.4109221768464472
0,881,5.251942958018969,4826.7453512629745,0.4113452028034552
0,882,5.378765441280257,4832.124116704254,0.4117784438756655
0,883,5.6358685728675795,4837.759985277122,0.4122323937215922
0,884,5.844925417871309,4843.604910694993,0.41270318237796183
0,885,6.193934240537348,4849.798844935531,0.4132020824956312
0,886,5.739870257491417,4855.538715193022,0.41366440931985343
0,887,6.033217337356176,4861.571932530378,0.41415036424327384
0,888,5.942686899948712,4867.514619430327,0.41462902725106826
0,889,5.239118994999978,4872.753738425327,0.41505102028192464
0,890,5.344606876558425,4878.098345301886,0.41548150999913225
0,891,5.6290528303118865,4883.727398132198,0.41593491086041834
0,892,5.344881268083081,4889.07227940028,0.4163654226789203
0,893,5.621109651031462,4894.693389051312,0.41681818374441204
0,894,5.945271753514521,4900.638660804826,0.41729705495327835
0,895,5.1631200957963745,4905.801780900622,0.4177129265339734
0,896,5.379806706510915,4911.181587607133,0.4181462514765197
0,897,6.766803984848972,4917.948391591982,0.41869129428343094
0,898,6.232048949911193,4924.180440541893,0.41919326440995947
0,899,4.870470075486489,4929.0509106173795,0.41958556403720804
0,900,4.433505847159955,4933.484416464539,0.419942667697489
0,901,4.625207162455311,4938.109623626994,0.42031521223993695
0,902,5.4487992729349095,4943.558422899929,0.4207540942966163
0,903,5.440540859766994,4948.9989637596955,0.4211923111664949
0,904,5.333484470217529,4954.332448229913,0.42162190501209384
0,905,5.9259545082283305,4960.258402738142,0.42209922028323593
0,906,5.551193907844989,4965.809596645987,0.4225463498758789
0,907,4.895558578763375,4970.70515522475,0.42294067029585003
0,908,6.1117194219712,4976.816874646722,0.42343294829241446
0,909,6.656526381546255,4983.473401028268,0.4239691086173478
0,910,6.198819308268552,4989.672220336537,0.4244684022104354
0,911,5.961311508439801,4995.6335318449765,0.42494856536644043
0,912,5.512937998789432,5001.146469843766,0.42539261357707514
0,913,4.683584437012961,5005.830054280778,0.42576986020837565
0,914,5.144268695354848,5010.974322976133,0.4261842133735479
0,915,5.197933039268025,5016.172256015401,0.42660288901720517
0,916,4.69174832317428,5020.864004338576,0.4269807932214809
0,917,5.276801981065403,5026.140806319641,0.42740582148736755
0,918,5.111003380988281,5031.25180970063,0.4278174952457835
0,919,4.331647909700405,5035.58345761033,0.4281663945992361
0,920,5.266912538321449,5040.850370148652,0.42859062630449474
0,921,5.740336767541373,5046.590706916193,0.42905299070449837
0,922,5.319971048487443,5051.910677964681,0.42948149609041564
0,923,5.366318437996923,5057.2769964026775,0.42991373459928545
0,924,5.666057194480317,5062.943053597158,0.4303701160349402
0,925,5.285079435533949,5068.228133032691,0.4307958110213388
0,926,5.116499470512881,5073.344632503205,0.4312079274708787
0,927,5.507255599805607,5078.85188810301,0.4316515179838028
0,928,5.282435252114281,5084.134323355124,0.4320769999903137
0,929,5.851630391728612,5089.985953746853,0.43254832870928595
0,930,5.954004381405318,5095.939958128258,0.4330279033013192
0,931,5.207979664247951,5101.147937792506,0.4334473881660935
0,932,6.236079296225989,5107.384017088732,0.43394968292316743
0,933,6.601985458608506,5113.986002547341,0.4344814501641876
0,934,5.873598904110942,5119.859601451451,0.43495454837133757
0,935,5.807327673752309,5125.666929125204,0.4354223086586228
0,936,5.954124650397045,5131.621053775601,0.43590189293791004
0,937,5.154662191120652,5136.775715966721,0.436317083263449
0,938,5.023747333713319,5141.799463300434,0.43672172884711163
0,939,5.132843488319009,5146.932306788753,0.4371351617511197
0,940,5.523024131021877,5152.4553309197745,0.43758002236504484
0,941,5.6322358034197695,5158.087566723194,0.4380336796038765
0,942,5.865427286948867,5163.952994010143,0.43850611961534586
0,943,5.245965707527329,5169.19895971767,0.4389286641253675
0,944,6.009680161674607,5175.208639879344,0.43941272321017216
0,945,6.163213286896206,5181.371853166241,0.439909148860598
0,946,4.938722852678901,5186.31057601892,0.4403069460144993
0,947,4.78420996618738,5191.094785985108,0.4406922976863761
0,948,4.77215374385657,5195.866939728964,0.4410766782709752
0,949,4.754895328793185,5200.621835057757,0.44145966874954934
0,950,4.450611443443387,5205.072446501201,0.44181815020682774
0,951,3.987139854702465,5209.059586355903,0.44213930062034945
0,952,4.472071202755269,5213.5316575586585,0.44249951058749415
0,953,5.483978180882554,5219.015635739541,0.44294122618431664
0,954,5.089954664486486,5224.105590404028,0.44335120454095217
0,955,4.300025725059893,5228.405616129087,0.44369755683610135
0,956,4.5436119356930424,5232.94922806478,0.44406352916343494
0,957,4.188264995389776,5237.13749306017,0.4444008795158741
0,958,4.145385760330294,5241.2828788205,0.4447347760932834
0,959,3.9076194974717926,5245.190498317971,0.44504952141530124
0,960,4.365732529685727,5249.5562308476565,0.4454011661677621
0,961,5.267407283224449,5254.823638130881,0.4458254377230224
0,962,5.041504011531556,5259.865142142412,0.44623151354606266
0,963,4.007507930437168,5263.872650072849,0.4465543045380901
0,964,4.9605716542156975,5268.8332217270645,0.4469538615378719
0,965,5.718199626998009,5274.551421354063,0.44741444286727894
0,966,5.240492061089977,5279.7919134151525,0.4478365464938902
0,967,5.0928638143762655,5284.8847772295285,0.448246759172552
0,968,5.088000718784604,5289.972777948313,0.44865658014557597
0,969,4.537482272267949,5294.510260220581,0.44902205874958523
0,970,4.662098287340421,5299.172358507921,0.4493975747453666
0,971,4.881246718807965,5304.053605226729,0.4497907423942009
0,972,4.195695902856815,5308.249301129586,0.4501286912807003
0,973,4.731069461743201,5312.980370591329,0.450509762667561
0,974,5.114863970682489,5318.095234562012,0.45092174738320995
0,975,4.228795689524836,5322.324030251537,0.4512623623437783
0,976,4.756682448646147,5327.080712700183,0.4516454967687152
0,977,5.508231937095992,5332.5889446372785,0.4520891659222528
0,978,5.096633891206762,5337.685578528485,0.4524996822676475
0,979,5.013126651097895,5342.698705179583,0.4529034723918234
0,980,5.32028017846792,5348.018985358051,0.45333200267709833
0,981,4.855252306446109,5352.874237664498,0.4537230765653465
0,982,4.634195674245595,5357.508433338743,0.4540963451015302
0,983,4.564503522236804,5362.07293686098,0.45446400017436617
0,984,4.693075290011812,5366.766012150992,0.45484201126126056
0,985,5.593137598437855,5372.35914974943,0.4552925192740417
0,986,5.431150645806293,5377.790300395236,0.4557299797944552
0,987,4.547793863379067,5382.3380942586155,0.4560962889616928
0,988,5.515730295350835,5387.853824553967,0.4565405620822199
0,989,6.144148194244595,5393.997972748211,0.45703545210494967
0,990,5.744236565445497,5399.7422093136565,0.45749813062027284
0,991,5.32853540027023,5405.070744713927,0.4579273258352949
0,992,5.549637528016851,5410.620382241944,0.45837433006689127
0,993,4.885114978461444,5415.505497220405,0.4587678092907474
0,994,4.705746290195473,5420.211243510601,0.4591468409831628
0,995,4.416064831286467,5424.627308341887,0.4595025398295511
0,996,5.080757736226208,5429.708066078114,0.4599117774052204
0,997,5.942726295784183,5435.650792373898,0.46039044358621395
0,998,5.3215660878145705,5440.972358461713,0.46081907744706774
0,999,4.974991955920046,5445.947350417633,0.46121979595259666
